id,name,model_id:id,group_id:id,perm_read,perm_write,perm_create,perm_unlink
access_user_orientation_request,orientation.request,model_orientation_request,hr.group_hr_user,1,1,1,1
access_user_checklist_line,checklist.line,model_checklist_line,hr.group_hr_user,1,1,1,1
access_user_employee_orientation,employee.orientation,model_employee_orientation,hr.group_hr_user,1,1,1,1
access_manager_employee_orientation_request,orientation.checklist,model_orientation_checklist,hr.group_hr_user,1,1,1,1
access_user_employee_training,employee.training,model_employee_training,hr.group_hr_user,1,1,1,1
access_manager_employee_training,employee.training,model_employee_training,base.group_user,1,1,0,0
access_manager_orientation_request,orientation.request,model_orientation_request,base.group_user,1,1,0,0
