<?xml version="1.0" encoding="utf-8"?>
<odoo>

    <data noupdate="1">
        <record model="account.journal" id="mobile_service_journal">
            <field name="name">Mobile Service</field>
            <field name="type">sale</field>
            <field name="code">SERV</field>
            <field name="active">TRUE</field>
        </record>
        <record model="product.template" id="mobile_service_product">
            <field name="name">Mobile Service Charge</field>
            <field name="type">service</field>
<!--            <field name="invoice_policy">order</field>-->
        </record>
        <record model="product.template" id="mobile_service_advance_product">
            <field name="name">Mobile Service Advance</field>
            <field name="type">service</field>
<!--            <field name="invoice_policy">order</field>-->
        </record>
    </data>

</odoo>